{
  "train_loss": [
    7.700394873254218,
    6.053537833030117,
    4.375869827251636,
    3.451965327313204,
    2.858927140607054,
    2.437662548628835,
    2.130332202269723,
    1.9099913265428317,
    1.7429748751557281,
    1.6210141866848777,
    1.5304186855268354,
    1.461197840192387,
    1.41259125150288,
    1.3767870509687388,
    1.3506105839419806,
    1.3302517946917651,
    1.3143803331814214,
    1.301297766237586,
    1.2917620974511772,
    1.2845550663081198,
    1.2782037642668922,
    1.271189327290316,
    1.2669857405420972,
    1.2620307240920206,
    1.2573740051415476,
    1.207761347529756,
    1.1848677839484252,
    1.1785759330582177,
    1.1764479828384118,
    1.1749304062772867,
    1.1734740227696763,
    1.1726547582640183,
    1.1650610856299035,
    1.1616820594723432,
    1.1605655631163505,
    1.1600536145761333,
    1.1595570288578878,
    1.159233059134521,
    1.157508104567792,
    1.1568699187370592,
    1.1566770112137053,
    1.156426410876352,
    1.1564014228478585,
    1.1561795022525385,
    1.1557311370064527,
    1.1556064394501708,
    1.1554810786939234,
    1.1554353105046817,
    1.1553608072150037,
    1.155307894489067,
    1.1551315821412371,
    1.1551467711032224,
    1.15505241459152,
    1.1550927248667915,
    1.155072804963054
  ],
  "train_accuracy": [
    0.000721679244504928,
    0.05517753309414821,
    0.2539692358447771,
    0.44819373994803907,
    0.5973648397872077,
    0.7115551156748732,
    0.8014866592436801,
    0.8635407645676111,
    0.9093983257041528,
    0.9410594251309332,
    0.9623283434368427,
    0.9771330776526868,
    0.9852983628190853,
    0.9899686585013815,
    0.9928656851828941,
    0.9946595735906635,
    0.9961854097076168,
    0.9969689471730793,
    0.9974947420512186,
    0.9978143428594993,
    0.9977834137490206,
    0.9981751824817519,
    0.998288589220174,
    0.998577260917976,
    0.9988453132087921,
    0.9999587611860283,
    1.0,
    1.0,
    1.0,
    1.0,
    1.0,
    1.0,
    1.0,
    1.0,
    1.0,
    1.0,
    1.0,
    1.0,
    1.0,
    1.0,
    1.0,
    1.0,
    1.0,
    1.0,
    1.0,
    1.0,
    1.0,
    1.0,
    1.0,
    1.0,
    1.0,
    1.0,
    1.0,
    1.0,
    1.0
  ],
  "train_top5_accuracy": [
    0.0037630417749185533,
    0.1569136871623572,
    0.5145573013320137,
    0.7241329539362448,
    0.8406532228133119,
    0.9088106726050559,
    0.9485442698667986,
    0.9714833601385624,
    0.9849375231968328,
    0.9928038269619366,
    0.9968452307311642,
    0.9986494288424265,
    0.9996185409707616,
    0.9997525671161698,
    0.9999484514825354,
    0.9999278320755495,
    0.9999175223720566,
    0.9999587611860283,
    0.9999793805930142,
    0.9999896902965071,
    0.9999484514825354,
    1.0,
    0.9999587611860283,
    0.9999690708895212,
    0.9999793805930142,
    1.0,
    1.0,
    1.0,
    1.0,
    1.0,
    1.0,
    1.0,
    1.0,
    1.0,
    1.0,
    1.0,
    1.0,
    1.0,
    1.0,
    1.0,
    1.0,
    1.0,
    1.0,
    1.0,
    1.0,
    1.0,
    1.0,
    1.0,
    1.0,
    1.0,
    1.0,
    1.0,
    1.0,
    1.0,
    1.0
  ],
  "val_loss": [
    7.3865088756267845,
    5.104976037832407,
    4.084582139528715,
    3.485221842252291,
    3.1052580407949595,
    2.860790252685547,
    2.6919098729353683,
    2.4926610961327187,
    2.4264821434020996,
    2.3057473516464233,
    2.255761411006634,
    2.2219414314856896,
    2.2170867322041437,
    2.2023537327693057,
    2.190899454630338,
    2.188092466867887,
    2.19244701899015,
    2.1952990572269147,
    2.1728738080538235,
    2.1810623953892634,
    2.1847004105494574,
    2.1813010909007144,
    2.1818573584923375,
    2.189611674455496,
    2.1801737436881434,
    2.142899654828585,
    2.145215324621934,
    2.1512128657561083,
    2.1498092082830578,
    2.1525155096787674,
    2.1449447928942167,
    2.148778729438782,
    2.1522842829044047,
    2.154852256041307,
    2.154609902088459,
    2.155437796299274,
    2.1542050651403573,
    2.1542960984890276,
    2.1559501684629,
    2.156676896902231,
    2.156775216322679,
    2.1560854064501247,
    2.1568511977562537,
    2.1562899310772234,
    2.156598985378559,
    2.1575091541730442,
    2.158276339310866,
    2.158285537866446,
    2.158500629571768,
    2.1583763452676625,
    2.1587160840401283,
    2.1588999352088343,
    2.158828247143672,
    2.1586174535751343,
    2.1587319051302396
  ],
  "val_accuracy": [
    0.0021651270207852192,
    0.13890492686682063,
    0.30730369515011546,
    0.42941685912240185,
    0.5301193225558122,
    0.5919457274826789,
    0.6372209391839877,
    0.6934661277906081,
    0.711027713625866,
    0.7472093918398768,
    0.7552444187836798,
    0.7629426481909161,
    0.7633756735950731,
    0.7665993071593533,
    0.7687644341801386,
    0.7712182448036952,
    0.7684757505773672,
    0.7712182448036952,
    0.7742013086989993,
    0.7731909160892995,
    0.7732390300230947,
    0.7746343341031563,
    0.7718437259430331,
    0.7719399538106235,
    0.7755003849114703,
    0.787721324095458,
    0.7873364126250962,
    0.7897421093148576,
    0.7903675904541956,
    0.7913298691301001,
    0.793013856812933,
    0.7914742109314857,
    0.7941685912240185,
    0.7929657428791378,
    0.7925327174749808,
    0.7948903002309469,
    0.7943610469591994,
    0.7936393379522709,
    0.7957082371054658,
    0.7959006928406467,
    0.7949384141647421,
    0.7958044649730562,
    0.7958044649730562,
    0.7950346420323325,
    0.7948903002309469,
    0.7951789838337182,
    0.794697844495766,
    0.7952270977675134,
    0.7953714395688991,
    0.7955157813702848,
    0.795130869899923,
    0.7949865280985373,
    0.7952752117013087,
    0.7953714395688991,
    0.7951789838337182
  ],
  "val_top5_accuracy": [
    0.010392609699769052,
    0.3371343341031563,
    0.5821785989222479,
    0.7090550423402617,
    0.7826693610469592,
    0.8239030023094688,
    0.8462278675904542,
    0.8711027713625866,
    0.8743745188606621,
    0.8819284064665127,
    0.886451116243264,
    0.8864030023094688,
    0.8861624326404927,
    0.8862105465742879,
    0.8871728252501925,
    0.8854407236335643,
    0.8862105465742879,
    0.8858737490377213,
    0.8892417244033872,
    0.8879907621247113,
    0.8881832178598922,
    0.8893379522709777,
    0.8865954580446497,
    0.8849114703618168,
    0.8894341801385681,
    0.9008371824480369,
    0.9001154734411085,
    0.901270207852194,
    0.9008852963818321,
    0.8994418783679754,
    0.9005966127790608,
    0.9010777521170131,
    0.9026655119322555,
    0.9031466512702079,
    0.9032428791377983,
    0.9030023094688222,
    0.9021843725943033,
    0.9031466512702079,
    0.9028098537336413,
    0.9032909930715936,
    0.9038683602771362,
    0.9032909930715936,
    0.9033391070053888,
    0.9032909930715936,
    0.9039645881447267,
    0.9042051578137028,
    0.903387220939184,
    0.9037240184757506,
    0.9037721324095458,
    0.9037240184757506,
    0.9039164742109315,
    0.903820246343341,
    0.9043494996150885,
    0.9035796766743649,
    0.9034834488067744
  ],