{
  "train_loss": [
    6.982102192800718,
    5.385202640593838,
    4.565831146642841,
    4.040677907284457,
    3.6799718336568343,
    3.4341888172959902,
    3.2651922652463483,
    3.1289461917172634,
    3.034050465573736,
    2.9628038736635274,
    2.8934785763003266,
    2.845727492762744,
    2.8043321940389347,
    2.766327023820701,
    2.734030290769713,
    2.7065594894590355,
    2.6856505933726367,
    2.665487714367366,
    2.6502943076684797,
    2.6347703487074154,
    2.6196298787964993,
    2.6069748826265964,
    2.5984651837940267,
    2.5884533047990623,
    2.579815745668235,
    2.5731721229477733,
    2.566718865510342,
    2.5537754165151187,
    2.5477888461467773,
    2.541344714038919,
    2.5384860290386433,
    2.532070212125149,
    2.5248794426704144,
    2.52273136864866,
    2.518395002724942,
    2.517002142828184,
    2.5133362171832365,
    2.5078341498538497,
    2.5123706974266073,
    2.5088279794577244,
    2.4999491737511668,
    2.4954977570234314,
    2.498695240800802,
    2.501507094793395,
    2.4986108730210477,
    2.496764846716204,
    2.4991760782327375,
    2.49718031184969,
    2.4977018984137866,
    2.483733949686418,
    2.4836295135417528,
    2.49046271992233,
    2.487806742298257,
    2.482610188876733,
    2.4861453535688898,
    2.4845656914572603,
    2.4863875355758265,
    2.482217725474476,
    2.483074571652274,
    2.4888521678214968,
    2.4827423630414978,
    2.4854443752671296,
    2.4866569973233505,
    2.4869869205127606,
    2.487860931255572,
    2.487962860859793,
    2.09000437146441,
    1.9901544387233603,
    1.9565249980282342,
    1.938870119859801,
    1.926088967235233,
    1.917901590977621,
    1.9125427295475963,
    1.90903855864165,
    1.9061269359097945,
    1.904928962599319,
    1.9041347802471673,
    1.9034088247684187,
    1.9017989325649192,
    1.9030578252822554
  ],
  "train_accuracy": [
    0.017299682461132417,
    0.1333663243845107,
    0.2739185121035919,
    0.39319147181327063,
    0.48526743370860653,
    0.5510639614004701,
    0.6005711575735082,
    0.6367685265371767,
    0.664336673677265,
    0.6857086890181039,
    0.7064208833353953,
    0.7198647366901728,
    0.7324631943585302,
    0.7434430285784981,
    0.7547115344962679,
    0.7624953606334282,
    0.7688667573920575,
    0.7739597509175636,
    0.7796610169491526,
    0.7849705142480102,
    0.7874860819002846,
    0.7910016907913728,
    0.7946513258278692,
    0.7963008783867376,
    0.7992700729927007,
    0.8018887376799043,
    0.8024763907790012,
    0.8061054064085117,
    0.8098787578869232,
    0.8101571198812322,
    0.8120025568064663,
    0.8133840570745186,
    0.8151263969648233,
    0.815177945482288,
    0.8167862592271846,
    0.8183739535650955,
    0.8187657222978267,
    0.8203637263392305,
    0.8184048826755742,
    0.8186213864489257,
    0.822704029032125,
    0.82342570827663,
    0.8230339395438987,
    0.8215081034269455,
    0.822858674584519,
    0.8231576559858138,
    0.8235494247185451,
    0.8220235886015919,
    0.82300301043342,
    0.8272402985690132,
    0.8270237947956617,
    0.8244360592189368,
    0.825260835498371,
    0.8280032166274898,
    0.8243123427770217,
    0.8262918058476638,
    0.8245494659573591,
    0.8256732236380881,
    0.8260649923708194,
    0.824704111509753,
    0.8270134850921688,
    0.8252402160913852,
    0.8253639325333003,
    0.825559816899666,
    0.8246319435853025,
    0.8238999546373046,
    0.9560806631201286,
    0.9803290857354943,
    0.9864427399068003,
    0.989618128582622,
    0.9915357334323065,
    0.9922367932698256,
    0.9929481628108375,
    0.9935564353169203,
    0.9939482040496516,
    0.9940822301950596,
    0.9936904614623283,
    0.994309043671904,
    0.9943399727823827,
    0.9942265660439605
  ],
  "train_top5_accuracy": [
    0.057342570827662996,
    0.32133283846756566,
    0.5316404800197946,
    0.6653676440265578,
    0.7524640191348096,
    0.8059610705596107,
    0.8424471112210813,
    0.8679842467730629,
    0.885314858344674,
    0.8976865025361871,
    0.9104499154604313,
    0.9181409542661553,
    0.9250690750134026,
    0.9309043671903996,
    0.9349870097735989,
    0.9409047795785394,
    0.9425852612478866,
    0.946925646418409,
    0.9477607324013362,
    0.9506371396758629,
    0.9528537259268424,
    0.9539981030145573,
    0.9558126108293126,
    0.9567404841436761,
    0.9583487978885727,
    0.9579054806383769,
    0.9601839251103138,
    0.9604313579941441,
    0.9614313992329581,
    0.9616788321167883,
    0.9626273248381376,
    0.9624520598787579,
    0.9639160377747537,
    0.9636686048909233,
    0.9656274485545796,
    0.9653490865602705,
    0.9655759000371149,
    0.96612231432224,
    0.9659264299558745,
    0.9663697472060704,
    0.9671223555610541,
    0.9681945647243185,
    0.9678027959915873,
    0.9673079302239268,
    0.9678337251020661,
    0.9669161614911955,
    0.9669677100086601,
    0.9678955833230236,
    0.9677821765846014,
    0.9690708895212173,
    0.9689368633758093,
    0.9681017773928822,
    0.9683595199802054,
    0.9692152253701184,
    0.9683492102767124,
    0.96798837065446,
    0.9686791207884862,
    0.9691842962596395,
    0.9688028372304013,
    0.9679986803579529,
    0.9687822178234154,
    0.9690915089282032,
    0.9689574827827951,
    0.9685038558291064,
    0.9680089900614458,
    0.9686378819745144,
    0.9951956781722958,
    0.9980617757433297,
    0.9991855334240587,
    0.9994020371974102,
    0.9997422574126769,
    0.9998041156336344,
    0.9998247350406202,
    0.999865973854592,
    0.9999072126685636,
    0.9999175223720566,
    0.9999175223720566,
    0.9999484514825354,
    0.9999278320755495,
    0.9999381417790424
  ],
  "val_loss": [
    5.988979152375204,
    5.06176926021927,
    4.496236496907802,
    4.110160245485832,
    3.9255797102407444,
    3.7645295938831165,
    3.6911615052837536,
    3.574299831331873,
    3.4200872307174777,
    3.36633967329388,
    3.3359014914811023,
    3.3166137546118053,
    3.275397773169301,
    3.212810392028715,
    3.1804994059486624,
    3.1902674487763387,
    3.1518887054700793,
    3.115366994237607,
    3.10514543685445,
    3.0974588204015254,
    3.10293855550099,
    3.0972006569610784,
    3.0514552841888616,
    3.0311919867626727,
    3.023040767096303,
    3.031477136845969,
    3.0319616911601437,
    3.0088549245354588,
    3.025273729687088,
    3.001071066944146,
    2.9934799320127334,
    2.9716984187167115,
    2.9818635498819175,
    2.953865601241223,
    2.977194543265126,
    2.9707844432877617,
    2.9477600217596884,
    2.984750858845155,
    2.947687678541874,
    2.9558367480529597,
    2.946646355412489,
    2.9331202638661202,
    2.939765909698112,
    2.9253965287120796,
    2.9261665636776417,
    2.9175264674461694,
    2.942453252757254,
    2.9140093706868178,
    2.9022865032125837,
    2.9117166001372543,
    2.927144877018373,
    2.9173611380571236,
    2.8925343232652163,
    2.8961663114512626,
    2.894498785580594,
    2.939613105329268,
    2.923519171088751,
    2.8900988555393337,
    2.8933363692160765,
    2.867283506627463,
    2.8954978881438085,
    2.8878298975938668,
    2.9077209197670406,
    2.897830522864874,
    2.9127725179941377,
    2.9317267204354875,
    2.5463592435684674,
    2.5070700031116697,
    2.49646649477672,
    2.4872402325729652,
    2.485171402890258,
    2.479847981154553,
    2.4794249446845495,
    2.475567355477737,
    2.4794182119193984,
    2.474252156684735,
    2.4762537508654447,
    2.4745044883774834,
    2.470048506567083,
    2.470160244432695
  ],