{
  "train_loss": [
    7.735596408944645,
    7.522969077319143,
    7.081371407395617,
    6.7423176947873,
    6.401172888939487,
    6.1538902203451675,
    5.89670246257631,
    5.669967859590273,
    5.474666660882552,
    5.2892546509060825,
    5.128354982839096,
    4.965200151805828,
    4.818846053372587,
    4.683791114032111,
    4.552320619371762,
    4.4189457943697406,
    4.305562223167722,
    4.19169105200151,
    4.083905861371425,
    3.9786056088268915,
    3.881959079123424,
    3.7794526164324114,
    3.6860343843777135,
    3.5972103544149676,
    3.520021517232729,
    3.4514383272634017,
    3.3741487862252306,
    3.3061761098046416,
    3.2495090703536462,
    3.1950602890004585,
    3.139066521599299,
    3.087709985811037,
    3.040984672732592,
    2.998189187616031,
    2.9592967190654424,
    2.9276566313564936,
    2.8888991482968693,
    2.861424753722541,
    2.8262245859508464,
    2.798954546923373,
    2.7730847524778826,
    2.747009857348842,
    2.7212974820728353,
    2.703168848888226,
    2.677089876109503,
    2.658270757556905,
    2.6402992950580364,
    2.626949580174952,
    2.6082542351493734,
    2.5936110916112534,
    2.5810769834115828,
    2.565860812456438,
    2.549515766015468,
    2.5407734423639905,
    2.524931447172542,
    2.516971143065782,
    2.505691613245136,
    2.4938070686008182,
    2.48383349227402,
    2.4759078415842986,
    2.461093820179358,
    2.4549283314506107,
    2.452858513137596,
    2.438772396550644,
    2.4318525945291043,
    2.426801611062405,
    2.4137680300936535,
    2.4097715468394094,
    2.4032510949942556,
    2.390891177044066,
    2.387777521931087,
    2.3844941999163667,
    2.3753574869563523,
    2.3685121350678418,
    2.3625718333161285,
    2.3610436054521626,
    2.3537196370731244,
    2.348754013119398,
    2.3444827791883323,
    2.339582522185937,
    2.24110558322363,
    2.208913783284794,
    2.19836308522086,
    2.187675308426326,
    2.182251938100226,
    2.1750245160351955,
    2.1712837801130593,
    2.1688920960891847,
    2.1642941909603834,
    2.1607254331533388,
    2.1555023580239125
  ],
  "train_accuracy": [
    0.0008041568724483484,
    0.0016598622623613345,
    0.00356715740855293,
    0.009546785434450904,
    0.019712153078477464,
    0.033485916945028664,
    0.05388882015753227,
    0.07588972741143965,
    0.10149903088787167,
    0.12881974514412967,
    0.15363520145160625,
    0.18351272217411027,
    0.21075095880242484,
    0.24105117736813889,
    0.2657841560476721,
    0.29950719617303806,
    0.32684852983628193,
    0.35474658748814386,
    0.3866654295022475,
    0.4119654418738917,
    0.4415852200090725,
    0.47018433749845356,
    0.4977834137490206,
    0.5252690832611654,
    0.5495690543939956,
    0.5706111592230607,
    0.5942925481463153,
    0.6161181904408429,
    0.6353767165656315,
    0.6520268877067096,
    0.6695018351272217,
    0.687832487937647,
    0.7024413377871253,
    0.7162563404676482,
    0.72950430945606,
    0.7400923749432966,
    0.7509175636108706,
    0.7613303641387273,
    0.773052497010186,
    0.7820013196420471,
    0.7911563363437668,
    0.8001154686791208,
    0.8086931419852365,
    0.8144768856447688,
    0.8233947791661512,
    0.8290238772732896,
    0.8369932780733226,
    0.8402820734875664,
    0.846179223885521,
    0.8509526166027465,
    0.8551383562208751,
    0.8591900696935956,
    0.8652831044579158,
    0.8678708400346407,
    0.8741185203513547,
    0.8754278526949565,
    0.8799847416388304,
    0.8815311971627696,
    0.885325168048167,
    0.8875829931131181,
    0.8930471359643697,
    0.8938100540228463,
    0.8947997855581673,
    0.8996659656068291,
    0.9000577343395604,
    0.9020681265206812,
    0.9081817806919873,
    0.9076044372963834,
    0.9102334116870798,
    0.9143160542702792,
    0.9142541960493217,
    0.9148418491484185,
    0.9178419728648604,
    0.9209039548022598,
    0.9225947461751,
    0.9224813394366778,
    0.9256876572229783,
    0.924584518949235,
    0.9265330529093984,
    0.9277495979215638,
    0.9606787908779744,
    0.9687409790094437,
    0.9713596436966473,
    0.9731638418079096,
    0.974524722668976,
    0.9761227267103798,
    0.9761845849313374,
    0.9773598911295311,
    0.9775763949028826,
    0.9778650666006846,
    0.9787310816940905
  ],
  "train_top5_accuracy": [
    0.0035362282980741476,
    0.007000288671697802,
    0.016629551734092127,
    0.04183677677429997,
    0.07924038104664109,
    0.12173697884448843,
    0.17896614293372923,
    0.23670048249412348,
    0.29139345952410406,
    0.34479772361746874,
    0.39337704647614335,
    0.44342034723081364,
    0.48413336632438453,
    0.5249494824528846,
    0.5652810425172172,
    0.6027774341209947,
    0.6335106602334117,
    0.6664398531898222,
    0.6940286197368963,
    0.7234215843952327,
    0.7460823126726875,
    0.771207060084952,
    0.7937131428100128,
    0.8132294115221246,
    0.8295290527444431,
    0.8442409996288507,
    0.8588395397748361,
    0.8720050311353046,
    0.8815208874592767,
    0.8933461173656646,
    0.9024805146603984,
    0.9108004453791909,
    0.9174192750216503,
    0.9241205822920533,
    0.9301311394284301,
    0.9357602375355685,
    0.9413274774217494,
    0.9440286197368963,
    0.9495546208091056,
    0.9529155841477999,
    0.9559157078642418,
    0.9593282197204008,
    0.9621427687739701,
    0.9635242690420224,
    0.9672151428924904,
    0.9678852736195307,
    0.9698338075796941,
    0.9713596436966473,
    0.9734525135057116,
    0.9749989690296507,
    0.9762773722627737,
    0.9777619695657553,
    0.9787310816940905,
    0.9795867870840035,
    0.9812672687533507,
    0.9815353210441667,
    0.982349787620108,
    0.9840818178069198,
    0.9845869932780733,
    0.9853086725225783,
    0.9859478741391398,
    0.9861437585055054,
    0.986349952575364,
    0.9867211019011093,
    0.987329374407192,
    0.9877211431399233,
    0.9882366283145697,
    0.9892057404429049,
    0.9888139717101736,
    0.9900202070188462,
    0.9904016660480844,
    0.9900923749432966,
    0.9910821064786177,
    0.9907831250773228,
    0.9908449832982803,
    0.9911439646995752,
    0.991597591653264,
    0.9924429873396841,
    0.9921440059383893,
    0.9923914388222195,
    0.9966081075508268,
    0.9975566002721762,
    0.9976596973071055,
    0.997999917522372,
    0.9983401377376386,
    0.998288589220174,
    0.9985154026970184,
    0.9985257124005114,
    0.9983916862551033,
    0.9983607571446245,
    0.9984535444760608
  ],