{
  "train_loss": [
    6.977253068091058,
    5.309835920862284,
    4.355775358966284,
    3.7230059260743276,
    3.303097985822481,
    3.003298862313847,
    2.7839190967793828,
    2.605040203298302,
    2.4765537319837585,
    2.3706521314807176,
    2.2857342349036074,
    2.216028473543932,
    2.1603320944749584,
    2.1129762237021663,
    2.0715876512602955,
    2.0365923379687962,
    2.0081053242519853,
    1.9819114378071083,
    1.966603238381308,
    1.9495463928006256,
    1.932145643831872,
    1.9131406146964172,
    1.902793825537674,
    1.8905471546039732,
    1.8799203461267073,
    1.873632368358899,
    1.8646435062929319,
    1.8571641905955714,
    1.8505122925014799,
    1.8424150453079344,
    1.8388042151141608,
    1.8308248789612411,
    1.823860437621542,
    1.8229658852151955,
    1.8173710886280896,
    1.8142086233658652,
    1.813398065777756,
    1.8066588355557585,
    1.8054919529873337,
    1.8052361697980785,
    1.7978128321409854,
    1.795806521947906,
    1.7935130600878935,
    1.790913086689242,
    1.7886802067385499,
    1.7903568003139898,
    1.7884355663938698,
    1.7849210541606892,
    1.7902182753450953,
    1.7892840783011001,
    1.787030753642714,
    1.7848241474666193,
    1.7825999541458795,
    1.7887982389543176,
    1.7819382485424937,
    1.7850639399406463,
    1.547810993125382,
    1.4978769152648845,
    1.4792322460611138,
    1.4696984867464584,
    1.4655974269856877,
    1.4620904022124952,
    1.461052760127981,
    1.4602225629666865,
    1.4622070752379133,
    1.4630136479645732,
    1.4648718528036706,
    1.4653431986284131,
    1.470586394571692,
    1.4717729887421338,
    1.4743155898393616,
    1.4792486658826038,
    1.3772812648467463,
    1.3550430267341533,
    1.3481414789102952,
    1.34315896749811,
    1.3408180336052635,
    1.3379850823206134,
    1.3373299870138746,
    1.3374921586708532,
    1.3369987569257893,
    1.3376760546481703,
    1.338181965112057,
    1.2975771048924538,
    1.2893193634644662,
    1.2857700860751964,
    1.2837316619532089,
    1.2815700605079179,
    1.2801019857615468,
    1.27905642648171,
    1.2620867313055375,
    1.2585120547887203,
    1.2570198445647247,
    1.255342690013644,
    1.2542374859070087,
    1.2533575706871958,
    1.2522521703098568,
    1.2443259111495006,
    1.2429376550431617,
    1.2423208738851672
  ],
  "train_accuracy": [
    0.014052125860860241,
    0.11512845890552188,
    0.2653923873149408,
    0.3986040661470576,
    0.49751536145820446,
    0.5746319435853025,
    0.6322734958142604,
    0.6818940987257206,
    0.7194523485504557,
    0.7489999587611861,
    0.7733824075219596,
    0.7925584560188049,
    0.8095694667821354,
    0.8229617716194483,
    0.8330240422285455,
    0.8442306899253578,
    0.8529630087838673,
    0.8593550249494825,
    0.8636335518990473,
    0.8688296424594829,
    0.8729225947461751,
    0.8792321332838468,
    0.8806754917728566,
    0.8845003917687327,
    0.8878922842179059,
    0.8891191389335643,
    0.89142851251598,
    0.8929234195224546,
    0.8955523939131511,
    0.8972638046929771,
    0.8985628273330859,
    0.9001608313744897,
    0.9017588354158934,
    0.9024908243638913,
    0.9032228133118891,
    0.9045630747659698,
    0.9045836941729556,
    0.9066353251680481,
    0.9063982019877108,
    0.9067074930924987,
    0.9078827992906924,
    0.9092849189657305,
    0.9102746505010516,
    0.9097282362159265,
    0.9110272588560353,
    0.9085735494247186,
    0.9112025238154151,
    0.9116149119551322,
    0.9102334116870798,
    0.9103365087220091,
    0.9095839003670254,
    0.9111922141119222,
    0.9111303558909646,
    0.9106767289372758,
    0.9114499566992453,
    0.9118726545424554,
    0.972957647738051,
    0.9831848736030352,
    0.9862571652439276,
    0.9876077364015011,
    0.9885562291228505,
    0.9884118932739494,
    0.9893706956987917,
    0.9895459606581715,
    0.9892263598498907,
    0.9893810054022847,
    0.9897315353210442,
    0.9893810054022847,
    0.9884531320879212,
    0.9888036620066807,
    0.9879582663202606,
    0.9879685760237535,
    0.9975978390861479,
    0.9988350035052992,
    0.998855622912285,
    0.9991546043135799,
    0.9990515072786507,
    0.9991752237205658,
    0.9991546043135799,
    0.9993195595694668,
    0.9992061528310445,
    0.9991752237205658,
    0.999144294610087,
    0.9998865932615778,
    0.9999175223720566,
    0.9999587611860283,
    0.9999484514825354,
    0.9999484514825354,
    0.9999587611860283,
    0.9998969029650707,
    0.9999793805930142,
    0.9999896902965071,
    0.9999793805930142,
    0.9999896902965071,
    0.9999896902965071,
    0.9999793805930142,
    0.9999896902965071,
    1.0,
    1.0,
    0.9999896902965071
  ],
  "train_top5_accuracy": [
    0.04809476679450699,
    0.28976452637222155,
    0.5237123180337333,
    0.6713678914594416,
    0.7625469091508928,
    0.8209307600313415,
    0.8608293125489711,
    0.8900573219514207,
    0.909491113035589,
    0.9250381459029239,
    0.9366262526289744,
    0.9460596313250031,
    0.9531527073281373,
    0.958874592766712,
    0.9637613922223597,
    0.966978019712153,
    0.9699162852076374,
    0.9733803455812611,
    0.9750814466575941,
    0.9764010887046889,
    0.9786795331766258,
    0.9795661676770177,
    0.9804012536599448,
    0.9823291682131222,
    0.9828755824982474,
    0.9825972205039383,
    0.9840302692894553,
    0.9842880118767784,
    0.9849272134933399,
    0.9849065940863541,
    0.9860097323600974,
    0.9864427399068003,
    0.9868035795290527,
    0.987628355808487,
    0.9872881355932204,
    0.9875046393665718,
    0.9875458781805435,
    0.9879685760237535,
    0.9884325126809353,
    0.9879995051342323,
    0.9893191471813271,
    0.9889479978555816,
    0.9887521134892161,
    0.9891541919254402,
    0.9891335725184544,
    0.989195430739412,
    0.9892882180708483,
    0.9893603859952987,
    0.9892160501463978,
    0.9894325539197493,
    0.9899068002804239,
    0.9893810054022847,
    0.989886180873438,
    0.9887727328962019,
    0.9902676399026764,
    0.9893500762918058,
    0.9972060703534167,
    0.9986288094354406,
    0.9988246938018063,
    0.9992473916450163,
    0.9993401789764527,
    0.9994123469009031,
    0.999566992453297,
    0.9996391603777476,
    0.9995979215637758,
    0.9996185409707616,
    0.9995463730463112,
    0.9996082312672687,
    0.9995360633428183,
    0.9995360633428183,
    0.9996082312672687,
    0.9995360633428183,
    0.9998969029650707,
    0.9999587611860283,
    0.9999484514825354,
    0.9999587611860283,
    0.9999690708895212,
    0.9999793805930142,
    0.9999690708895212,
    0.9999690708895212,
    0.9999690708895212,
    0.9999690708895212,
    0.9999793805930142,
    0.9999896902965071,
    1.0,
    1.0,
    1.0,
    1.0,
    1.0,
    1.0,
    1.0,
    1.0,
    1.0,
    1.0,
    1.0,
    1.0,
    1.0,
    1.0,
    1.0,
    1.0
  ],